Especie,Abundancia_total,Cladoceros,Copepodos,Rotiferos,Clase,Porcentaje
Pompholix triloba ,24375.28985474,0,0,1,Rotifera,66.30149946555579
Keratella tropica,11735.144927199999,0,0,1,Rotifera,31.91993653226938
Trichocerca sp. ,333.3333334,0,0,1,Rotifera,0.9066763906388742
Polyarthra sp.,280.0,0,0,1,Rotifera,0.7616081679843327
Copepodo Cyclopoideo sp 1,27.028985501,0,1,0,Copepoda,0.07351962903532751
Brachionus calyciflorus,13.33333333,0,0,1,Rotifera,0.036267055609234794
Copepodo Calanoideo sp.,0.144927536,0,1,0,Copepoda,0.00039420712565515505
Copepodito ,0.036231884,0,1,0,Copepoda,9.855178141378876e-05
